,epoch,time until adapted,expectations
0,0,-5,[0.03152634 0.19953864 0.76893502]
